Path ID,Path Length,Nodes
1,1,(-)-Ureidoglycolate->Urea
2,1,(-)-Ureidoglycolate->NH3
3,1,(E)-Cinnamate->Cinnamoyl-CoA
4,2,(E)-Cinnamate->L-Phenylalanine->Tyrosine
5,3,(E)-Cinnamate->L-Phenylalanine->Phenylpyruvate->alpha-Tolualdehyde
6,5,(E)-Cinnamate->L-Phenylalanine->Phenylpyruvate->Prephenate->Pretyrosine->Tyrosine
7,3,(S)-2-Acetolactate->Pyruvate->Serine->Tryptophan
8,2,(S)-2-Aminobutanoate->C21015->Ophthalmate
9,1,2-Oxoadipate->L-2-Aminoadipate
10,2,2-Oxoadipate->Homoisocitrate->cis-Homoaconitate
11,2,2-Oxoadipate->C06157->Glutaryl-CoA
12,1,2-Oxoarginine->D-Arginine
13,2,2-Oxoarginine->L-Arg->Urea
14,2,2-Oxoarginine->L-Arg->L-Argininosuccinate
15,4,2-Oxoarginine->4-Guanidinobutanal->4-Guanidinobutanoate->GABA->gamma-Glutamyl-GABA
16,1,2-Oxoglutarate->Succinyl-CoA
17,1,2-Oxoglutarate->Oxalosuccinate
18,2,2-Oxoglutarate->Isocitrate->Oxalosuccinate
19,2,2-Oxoglutarate->Isocitrate->cis-Aconitate
20,1,2-Oxoisocaproate->L-Leucine
21,1,2-Oxoisocaproate->Isovaleryl-CoA
22,2,2-Oxoisocaproate->C15975->Isovaleryl-CoA
23,1,3-Dehydroshikimate->Shikimate
24,6,3-Dehydroshikimate->5-Dehydroquinate->DAHP->PEP->Pyruvate->Serine->Tryptophan
25,1,3-Fumarylpyruvate->Maleylpyruvate
26,3,3-Fumarylpyruvate->Pyruvate->Serine->Tryptophan
27,1,3-Iodo-L-tyrosine->Tyrosine
28,2,3-Iodo-L-tyrosine->L-Diiodotyrosine->T4
29,2,3-Iodo-L-tyrosine->L-Diiodotyrosine->T3
30,1,3-Isopropylmalate->C04236
31,1,3-Methoxytyramine->Homovanillin
32,3,3-Methoxytyramine->Dopamine->L-Dopa->Tyrosine
33,1,3-Phosphoglycerate->C01182
34,1,3-Phosphoglycerate->DPG
35,2,3-Phosphoglycerate->C00236->DPG
36,2,3-Phosphoglycerate->C00631->DPG
37,4,3-Phosphoglycerate->Glycerate->Hydroxypyruvate->Serine->Tryptophan
38,4,3-Phosphoglycerate->3-Phosphooxypyruvate->Dexfosfoserine->Serine->Tryptophan
39,5,3-Phosphoglycerate->C00631->Glycerate->Hydroxypyruvate->Serine->Tryptophan
40,5,3-Phosphoglycerate->C00631->PEP->Pyruvate->Serine->Tryptophan
41,1,3-Sulfinoalanine->3-Sulfinopyruvate
42,1,3-Sulfinoalanine->Hypotaurine
43,1,4-Acetamidobutanal->4-Acetamidobutanoate
44,4,4-Acetamidobutanal->N-Acetylputrescine->Putrescine->Spermidine->Spermine
45,2,4-Aminobutanal->Spermidine->Spermine
46,2,4-Aminobutanal->GABA->gamma-Glutamyl-GABA
47,3,4-Aminobutanal->Putrescine->Spermidine->Spermine
48,1,4-Maleylacetoacetate->Fumarylacetoacetate
49,1,4-Maleylacetoacetate->Homogentisate
50,1,5,10-Methylene-THF->C00440
51,1,5,10-Methylene-THF->THF
52,2,5,10-Methylene-THF->Serine->Tryptophan
53,2,5,10-Methylene-THF->C00445->THF
54,3,5,10-Methylene-THF->C00445->Leucovorin->THF
55,3,5,10-Methylene-THF->C00445->C00664->THF
56,1,Acetoacetate->Fumarylacetoacetate
57,1,Acetoacetate->C01089
58,1,Acetoacetate->Acetone
59,2,Acetoacetate->HMG-CoA->Mevalonic_acid
60,2,Agmatine->L-Arg->Urea
61,2,Agmatine->L-Arg->L-Argininosuccinate
62,3,Agmatine->Putrescine->Spermidine->Spermine
63,4,Agmatine->C00436->Putrescine->Spermidine->Spermine
64,1,Allophanate->Urea
65,3,Allophanate->Biuret->Cyanuric_acid->N-Isopropylammelide
66,1,Allysine->Saccharopine
67,2,Allysine->C00450->L-Pipecolate
68,2,Allysine->L-Lysine->LysW-gamma-L-lysine
69,2,Allysine->L-Lysine->Saccharopine
70,2,Allysine->C03366->L-Hydroxylysine
71,1,Arterenol->L-Normetanephrine
72,2,Arterenol->L-Adrenaline->L-Metanephrine
73,3,Arterenol->Dopamine->L-Dopa->Tyrosine
74,3,Arterenol->C05577->C05580->C05584
75,3,Arterenol->C05577->L-Adrenaline->L-Metanephrine
76,2,Betaine->Dimethylglycine->Sarcosine
77,3,Betaine->Betaine_aldehyde->Choline->Phosphocholine
78,1,C00021->SAM
79,1,C00173->MTA
80,1,C00173->Pimelyl-[acp]
81,2,C00439->C03680->Urocanate
82,1,C00441->HTPA
83,2,C00441->L-Homoserine->O-Acetylhomoserine
84,2,C00441->L-Homoserine->O-Succinylhomoserine
85,3,C00441->C03283->C19929->Ectoine
86,3,C00441->C03283->C06442->Ectoine
87,1,C00632->C04409
88,3,C00632->C03227->L-Kynurenine->Vitamin_L1
89,4,C00632->C03227->L-Kynurenine->N-Formylkynurenine->Tryptophan
90,2,C00666->C04390->C05539
91,2,C00666->C00680->C03871
92,2,C00666->C04421->C04462
93,3,C00666->C00680->L-Lysine->LysW-gamma-L-lysine
94,3,C00666->C00680->L-Lysine->Saccharopine
95,1,C00671->C06007
96,1,C00671->L-Isoleucine
97,2,C00671->C15980->Tiglyl-CoA
98,3,C00671->C15979->C15980->Tiglyl-CoA
99,1,C01100->L-Histidinol
100,3,C01100->C01267->C04666->C04916
101,1,C01102->L-Threonine
102,2,C01102->L-Homoserine->O-Acetylhomoserine
103,2,C01102->L-Homoserine->O-Succinylhomoserine
104,2,C01165->C01250->N-Acetylornithine
105,3,C01165->C01250->C04133->N-Acetyl-L-glutamate
106,1,C01179->Tyrosine
107,1,C01179->Homogentisate
108,3,C01179->Prephenate->Pretyrosine->Tyrosine
109,2,C01180->C15606->C15651
110,2,C01180->Methionine->SAM
111,3,C01180->C15606->C15650->C15651
112,1,C01234->SAM
113,2,C01234->Ethene->Ethylene_oxide
114,2,C01252->L-Kynurenine->Vitamin_L1
115,3,C01252->L-Kynurenine->N-Formylkynurenine->Tryptophan
116,2,C01269->C03175->Shikimate
117,2,C01302->C04302->Vitamin_L1
118,3,C01302->C03506->Indole->Tryptophan
119,1,C03089->MTA
120,2,C03231->Dimethylacryloyl-CoA->Isovaleryl-CoA
121,2,C03231->HMG-CoA->Mevalonic_acid
122,2,C03296->L-Arg->Urea
123,2,C03296->L-Arg->L-Argininosuccinate
124,2,C03296->C03415->C05932
125,2,C03344->C04405->Tiglyl-CoA
126,2,C03344->Propionyl-CoA->Propionyl_phosphate
127,1,C03824->o-Aminomuconate
128,1,C03824->C04409
129,1,C03912->L-Proline
130,3,C04043->Dopamine->L-Dopa->Tyrosine
131,3,C04043->Homoprotocatechuate->Homovanillate->Homovanillin
132,1,C04092->L-Pipecolate
133,1,C04281->C05947
134,2,C04281->Hydroxyproline->L-Proline
135,1,C04896->C04916
136,2,C04896->Phosphoribosyl-AMP->Phosphoribosyl-ATP
137,1,C05576->C05594
138,3,C05576->C05577->C05580->C05584
139,3,C05576->C05577->L-Adrenaline->L-Metanephrine
140,1,C05583->L-Metanephrine
141,1,C05583->L-Normetanephrine
142,1,C05583->C05584
143,1,C05634->C05635
144,1,C05634->Serotonin
145,2,C05852->Phenylacetate->alpha-Tolualdehyde
146,2,C05852->Phenylpyruvate->alpha-Tolualdehyde
147,4,C05852->Phenylpyruvate->Prephenate->Pretyrosine->Tyrosine
148,1,C05931->C05932
149,1,C05946->C05947
150,3,C05946->Glyoxalate->Isocitrate->Oxalosuccinate
151,3,C05946->Glyoxalate->Isocitrate->cis-Aconitate
152,5,C05946->Glyoxalate->Malate->Pyruvate->Serine->Tryptophan
153,6,C05946->Glyoxalate->Malate->Oxaloacetate->Pyruvate->Serine->Tryptophan
154,7,C05946->Glyoxalate->Malate->Oxaloacetate->PEP->Pyruvate->Serine->Tryptophan
155,1,C06000->Methacrylyl-CoA
156,4,C06000->C06001->C06002->Propionyl-CoA->Propionyl_phosphate
157,3,C06006->Pyruvate->Serine->Tryptophan
158,1,C07303->Vanillin
159,1,C07303->Feruloyl-CoA
160,2,C08276->C15606->C15651
161,3,C08276->C15606->C15650->C15651
162,1,C15532->N-Acetylornithine
163,2,C15532->Citrulline->L-Argininosuccinate
164,3,C15532->Citrulline->L-Arg->Urea
165,3,C15532->Citrulline->L-Arg->L-Argininosuccinate
166,2,C15699->C15700->gamma-Glutamyl-GABA
167,3,C15699->Putrescine->Spermidine->Spermine
168,2,C17938->DHICA->L-Dopachrome
169,1,C19886->L-2-Aminoadipate
170,3,C19886->C19887->C19888->LysW-gamma-L-lysine
171,1,C20949->LysW-glutamate
172,2,C20949->C20950->LysW-L-ornithine
173,2,Carboxyspermidine->Spermidine->Spermine
174,3,Carboxyspermidine->Putrescine->Spermidine->Spermine
175,2,CoA->Dephospho-CoA->Phosphopantetheine
176,1,Creatine->Sarcosine
177,1,Creatine->Phosphocreatine
178,3,Creatine->Glycocyamine->L-Arg->Urea
179,3,Creatine->Glycocyamine->L-Arg->L-Argininosuccinate
180,1,Creatinine->N-Methylhydantoin
181,1,D-Proline->L-Proline
182,2,D-Serine->Serine->Tryptophan
183,1,DHI->Indole-5,6-quinone
184,1,Decarboxy-AdoMet->SAM
185,2,Dopaquinone->L-Dopa->Tyrosine
186,2,Fumarate->Succinate->Succinyl-CoA
187,4,Fumarate->Malate->Pyruvate->Serine->Tryptophan
188,5,Fumarate->Malate->Oxaloacetate->Pyruvate->Serine->Tryptophan
189,6,Fumarate->Malate->Oxaloacetate->PEP->Pyruvate->Serine->Tryptophan
190,1,Gentisate->Gentisate_aldehyde
191,1,Gentisate->Maleylpyruvate
192,2,Gln-tRNA(Gln)->L-Glutamine->NH3
193,1,H2S->Sulfite
194,2,Histamine->L-Histidine->Urocanate
195,2,IAA->Indolepyruvate->Tryptophan
196,3,IAA->Indoleacetaldehyde->Indolepyruvate->Tryptophan
197,1,L-Histidinal->L-Histidinol
198,2,L-Histidinal->L-Histidine->Urocanate
199,2,Melatonin->N-Acetylserotonin->Serotonin
200,1,N-Carbamoylsarcosine->Sarcosine
201,1,N-Carbamoylsarcosine->N-Methylhydantoin
202,1,Oxitriptan->Serotonin
203,1,Oxitriptan->Tryptophan
204,1,(+)-Reticuline->(S)-Scoulerine
205,1,(+)-Reticuline->C06167
206,1,(+)-Reticuline->C05202
207,1,(R)-Reticuline->Sinoacutine
208,1,(R)-Reticuline->C06167
209,1,(S)-Cheilanthifoline->(S)-Scoulerine
210,1,(S)-Cheilanthifoline->Stylopine
211,1,(S)-Norcoclaurine->Coclaurine
212,3,(S)-Norcoclaurine->Dopamine->L-Dopa->Tyrosine
213,4,1-Methylpyrrolinium->N-Methylputrescine->Putrescine->Spermidine->Spermine
214,1,1-Methylxanthine->Paraxanthine
215,1,1-Methylxanthine->Theophylline
216,2,1-Methylxanthine->Xanthine->Xanthosine
217,1,3-Methylxanthine->Theophylline
218,2,3-Methylxanthine->Xanthine->Xanthosine
219,3,5-Aminopentanal->Cadaverine->L-Lysine->LysW-gamma-L-lysine
220,3,5-Aminopentanal->Cadaverine->L-Lysine->Saccharopine
221,1,6-Hydroxyprotopine->Protopine
222,1,7-Methylxanthine->Theobromine
223,1,7-Methylxanthosine->Xanthosine
224,1,ACV->L-Valine
225,2,ACV->Isopenicillin_N->Penam
226,1,AFMU->Paraxanthine
227,1,Adicillin->DAOC
228,2,Adicillin->Isopenicillin_N->Penam
229,1,Apigenin->Naringenin
230,1,Apigenin->Luteolin
231,1,Aromadendrin->Naringenin
232,1,Aromadendrin->Swartziol
233,1,Aromadendrin->Taxifolin
234,4,Aromadendrin->C03648->Pelargonidin->UDP->UTP
235,5,Aromadendrin->C03648->Pelargonidin->UDP->UMP->UTP
236,5,Aromadendrin->C03648->Pelargonidin->UDP->UMP->Uridine
237,6,Aromadendrin->C03648->Pelargonidin->UDP->UMP->Uracil->Uridine
238,1,C03112->DAOC
239,1,C03112->Cephalosporin_C
240,3,C03309->Strictosidine->Tryptamine->Tryptophan
241,1,C03325->Daturine
242,1,C05176->Coclaurine
243,1,C05176->C05202
244,2,C05322->Salutaridinol->Sinoacutine
245,2,C05619->Ferulate->Feruloyl-CoA
246,2,C05619->Sinapate->Sinapoyl-CoA
247,2,C05619->C12203->Sinapoyl-CoA
248,4,C05619->C12203->C12204->Ferulaldehyde->Feruloyl-CoA
249,4,C05619->C12203->C12204->Sinapaldehyde->Sinapoyl-CoA
250,5,C05619->C12203->C12204->Sinapaldehyde->Sinapyl_alcohol->Syringyl_lignin
251,1,C06163->Protopine
252,1,C06163->Stylopine
253,1,C15804->p-Coumaryl_alcohol
254,1,C16356->Paraxanthine
255,1,C20529->Emindole_SB
256,1,C20529->Paspaline
257,1,Caffeine->Paraxanthine
258,1,Caffeine->Theobromine
259,1,Cinnamaldehyde->Cinnamoyl-CoA
260,1,Cocaine->Methyl_ecgonine
261,1,Codeine->Morphine
262,1,Codeine->Codeinone
263,1,Coniferol->Guaiacyl_lignin
264,2,Coniferol->Ferulaldehyde->Feruloyl-CoA
265,2,Isotrifoliin->Quercetin->Swartziol
266,2,Isotrifoliin->Quercetin->Taxifolin
267,1,Neopinone->Thebaine
268,1,Tropine->Tropinone
269,1,3'-LM1->G00063
270,1,3-Oxo-OPC6-CoA->OPC4-CoA
271,1,C00043->C01170
272,1,C00043->C00203
273,2,C00043->C04738->C06022
274,2,C00043->C04631->UDP-MurNAc
275,2,C00043->C04501->C06156
276,4,C00043->C00645->C04257->C06241->Neu5Ac
277,1,C00199->Ribose_5-phosphate
278,1,C00199->C01182
279,1,C00199->Ribitol_5-phosphate
280,1,C00199->C06019
281,1,C00199->C15556
282,2,C00199->D-Ribulose->Ribitol
283,3,C00199->C00231->D-Lyxulose->Xylitol
284,3,C00199->C00231->C01101->L-Ribulose
285,3,C00199->C01112->C04478->KDO
286,4,C00199->C00231->D-Lyxulose->D-Xylose->Xylitol
287,6,C00199->C00231->C01101->C03291->C14899->C16186->Vitamin_C
288,1,C00692->C05892
289,2,C00692->C01212->UDP-MurNAc
290,3,C01246->Dolichol_phosphate->G00001->G00002
291,3,C03862->Dolichol_phosphate->G00001->G00002
292,1,C04652->C06022
293,1,C04652->Lipid_X
294,2,C04652->Lipid_A_disaccharide->Lipid_IV(A)
295,1,C04702->C05892
296,3,C04702->C04851->C05893->C17550
297,2,C05894->C17541->C17542
298,1,C05895->C17542
299,1,C06251->KDO2-lipid_IV(A)
300,1,C06251->KDO2-lipid_A
301,1,C06397->C06398
302,2,C06397->C07838->C11472
303,1,C17549->C17550
304,3,CD77->Gb4Cer->Gb5Cer->MSGG
305,3,CD77->LacCer->Lc3Cer->Lc4Cer
306,1,CMP-KDO->KDO2-lipid_IV(A)
307,1,CMP-KDO->KDO
308,1,Ceramide->Sphingoid
309,1,Ceramide->Sphingomyelin
310,2,Ceramide->Cerebroside->Sulfatide
311,2,Ceramide->Dihydroceramide->Sphinganine
312,4,Ceramide->Glucocerebroside->LacCer->Lc3Cer->Lc4Cer
313,1,Chondroitin->Dermatan
314,1,DS_3->G00017
315,1,DWA-2->G13043
316,2,DWA-2->G12336->G13043
317,2,DWA-2->G12336->G13042
318,3,Dolichol->Dolichol_phosphate->G00001->G00002
319,2,Dolichol_diphosphate->G00008->G10599
320,1,G00003->GDP-mannose
321,3,G00003->G00004->G00005->G10526
322,1,G00006->G10526
323,3,G00006->G10595->G10596->G10597
324,1,G00007->G10597
325,2,G00007->G10598->G10599
326,1,G00009->G00171
327,1,G00010->G00171
328,2,G00010->G00011->G10694
329,8,G00010->G00011->G00012->G00013->G00014->G10770->G13057->G13058->G13059
330,1,G00023->G10611
331,1,G00023->G00035
332,2,G00023->G00031->G00032
333,2,G00023->G00024->G00025
334,2,G00023->G00028->G00029
335,3,G00023->G00024->G00026->G00027
336,1,G00039->G00040
337,2,G00039->G00044->G00045
338,2,G00039->G00044->Lc4Cer
339,1,G00042->G00043
340,2,G00042->G00044->G00045
341,2,G00042->G00044->Lc4Cer
342,1,G00046->Lc4Cer
343,1,G00047->G00048
344,1,G00047->Lc4Cer
345,2,G00052->G00055->G00056
346,2,G00054->G00055->G00056
347,2,G00057->G00058->G00059
348,2,G00066->G00067->G00077
349,3,G00095->Gb4Cer->Gb5Cer->MSGG
350,2,G00099->Gb5Cer->MSGG
351,1,G00129->GT1b
352,1,G00143->Phosphatidylinositol
353,2,G00143->G00144->G12396
354,7,G00143->G00144->G00145->G00146->G00147->G00148->G00149->G13044
355,1,G00154->Protein_serine
356,6,G00154->G00155->G00156->G00157->G00162->G00163->G00164
357,6,G00154->G00155->G00156->G00157->G00158->G00159->G00160
358,1,G00392->G02977
359,4,G00392->G00403->LacCer->Lc3Cer->Lc4Cer
360,1,G01391->G13074
361,2,G01391->G13073->G13074
362,1,G01813->G10694
363,3,G01945->G01977->G13073->G13074
364,2,G02632->G09660->G13040
365,1,G05477->G10920
366,4,G05477->G10770->G13057->G13058->G13059
367,1,G10665->G13056
368,1,G11492->NORint
369,3,G11492->Gb4Cer->Gb5Cer->MSGG
370,1,G13026->G13028
371,2,G13026->G13027->Protein_serine
372,2,G13026->G13027->G13087
373,1,G13034->Heparin_sulfate
374,5,G13034->G13035->G13036->G13037->G13038->G13039
375,1,G13041->G13042
376,1,G13081->NORint
377,2,G13103->G13108->PIM2
378,1,G13104->G13105
379,2,G13107->G13108->PIM2
380,2,G13107->PIM1->Phosphatidylinositol
381,2,G13107->PIM1->PIM2
382,1,GA1->GM1b
383,4,GA1->GA2->LacCer->Lc3Cer->Lc4Cer
384,1,GD1b->GT1b
385,3,GD1b->GD2->GD3->GT3
386,6,GD1b->GD2->GD3->GM3->LacCer->Lc3Cer->Lc4Cer
387,1,GD1c->GM1b
388,1,GQ1b->GT1b
389,2,GT1c->GT2->GT3
390,1,KDO-lipid_IV(A)->Lipid_IV(A)
391,4,(3S)-Citryl-CoA->Oxaloacetate->Pyruvate->Serine->Tryptophan
392,5,(3S)-Citryl-CoA->Oxaloacetate->PEP->Pyruvate->Serine->Tryptophan
393,1,5-Formyl-H4MPT->Formylmethanofuran
394,2,5-Formyl-H4MPT->C04330->C04377
395,1,5-Methyl-THMPT->Methyl-CoM
396,2,5-Methyl-THMPT->C01080->Coenzyme_F420
397,1,APS->Sulfite
398,2,APS->PAPS->Sulfite
399,2,APS->Sulfate->Sulfite
400,3,CH3OH->Formalin->Formate->H+
401,3,CH3OH->CH4->CoB->CoM-S-S-CoB
402,4,CH3OH->Formalin->Formate->Oxalate->Oxalyl-CoA
403,2,Hyposulfite->Sulfate->Sulfite
404,1,N2->NH3
405,1,(2E)-Decenoyl-CoA->C05264
406,1,(2E)-Decenoyl-CoA->Decanoyl-CoA
407,1,(2E)-Decenoyl-[acp]->C04619
408,1,(2E)-Decenoyl-[acp]->Decanoyl-[acp]
409,1,(2E)-Dodecenoyl-CoA->Lauroyl-CoA
410,1,(2E)-Dodecenoyl-CoA->C05262
411,1,(2E)-Hexenoyl-CoA->Hexanoyl-CoA
412,1,(2E)-Hexenoyl-CoA->C05268
413,1,(2E)-Hexenoyl-[acp]->C05747
414,1,(2E)-Hexenoyl-[acp]->Hexanoyl-[acp]
415,1,(2E)-Octenoyl-CoA->Octanoyl-CoA
416,1,(2E)-Octenoyl-CoA->C05266
417,1,(2E)-Octenoyl-[acp]->C04620
418,2,(2E)-Octenoyl-[acp]->Octanoyl-[acp]->Octylic_acid
419,2,16-Hydroxypalmitate->Palmitate->Palmitoyl-CoA
420,2,19-Oxotestosterone->C05294->Testosterone
421,2,19-Oxotestosterone->Estradiol->Estrone
422,2,19-Oxotestosterone->Estradiol->Estriol
423,1,2,3-Oxidosqualene->Lanosterol
424,1,2,3-Oxidosqualene->Supraene
425,1,2,3-Oxidosqualene->Cycloartenol
426,3,24-Methylenelophenol->Episterol->Fecosterol->Zymosterol
427,3,24-Methylenelophenol->C15776->Delta8,14-Sterol->Obtusifoliol
428,1,24-epi-Campesterol->Brassicasterol
429,2,24-epi-Campesterol->C15781->Campesterol
430,1,3-Oxodecanoyl-CoA->Octanoyl-CoA
431,1,3-Oxodecanoyl-CoA->C05264
432,1,3-Oxodecanoyl-[acp]->C04619
433,1,3-Oxodecanoyl-[acp]->Malonyl-[acp]
434,1,3-Oxododecanoyl-CoA->C05262
435,1,3-Oxododecanoyl-CoA->Decanoyl-CoA
436,1,3-Oxohexanoyl-CoA->C05268
437,3,3-Oxohexanoyl-CoA->Butyryl-CoA->Crotonyl-CoA->Glutaryl-CoA
438,1,3-Oxohexanoyl-[acp]->C05747
439,1,3-Oxohexanoyl-[acp]->Malonyl-[acp]
440,1,3-Oxooctanoyl-CoA->Hexanoyl-CoA
441,1,3-Oxooctanoyl-CoA->C05266
442,1,3-Oxooctanoyl-[acp]->Malonyl-[acp]
443,1,3-Oxooctanoyl-[acp]->C04620
444,1,3-Oxopalmitoyl-CoA->Myristoyl-CoA
445,3,3-Oxopalmitoyl-CoA->C05258->C05272->Palmitoyl-CoA
446,2,5-Dehydroepisterol->C15781->Campesterol
447,3,5-Dehydroepisterol->Episterol->Fecosterol->Zymosterol
448,1,7-Dehydrodesmosterol->Provitamin_D3
449,2,Acetoacetyl-CoA->HMG-CoA->Mevalonic_acid
450,3,Acetoacetyl-CoA->C01144->Crotonyl-CoA->Glutaryl-CoA
451,1,Acetoacetyl-[acp]->C04618
452,1,Acetoacetyl-[acp]->C03939
453,1,Acetoacetyl-[acp]->Malonyl-[acp]
454,4,Aldosterone->C01124->Corticosterone->DOC->Progesterone
455,1,Androstenedione->Testosterone
456,1,Androstenedione->C20144
457,1,Androstenedione->DHA
458,3,Androstenedione->C05290->C05297->Estrone
459,2,Butyryl-[acp]->C04246->C04618
460,1,C01176->Progesterone
461,1,C01176->Cortodoxone
462,2,C01176->C05138->DHA
463,3,C01176->C05138->Pregnenolone->Progesterone
464,2,C01301->C05446->C05454
465,3,C01301->C04722->C15613->C17343
466,2,C03594->C05455->C17339
467,2,C03594->Cholesterol->Desmosterol
468,2,C03594->Cholesterol->Provitamin_D3
469,1,C04554->C05445
470,2,C04554->C17345->C17346
471,2,C04633->C05762->Malonyl-[acp]
472,3,C04633->C05763->Hexadecanoyl-[acp]->Palmitoyl-CoA
473,4,C04633->C05763->Hexadecanoyl-[acp]->Palmitate->Palmitoyl-CoA
474,1,C05103->C15816
475,2,C05108->C15808->C15816
476,2,C05108->C11455->Lanosterol
477,1,C05260->C05261
478,2,C05260->C05273->Myristoyl-CoA
479,1,C05300->Estrone
480,1,C05300->Estriol
481,1,C05337->C05449
482,1,C05337->Chenodiol
483,1,C05439->Zymosterol
484,2,C05439->Lathosterol->Provitamin_D3
485,3,C05439->Lathosterol->Zymostenol->Zymosterol
486,1,C05440->Ergosterol
487,4,C05440->C15778->Episterol->Fecosterol->Zymosterol
488,1,C05444->C05452
489,1,C05444->C05445
490,1,C05447->C17346
491,2,C05447->C05448->C05449
492,2,C05450->C05460->C17343
493,3,C05450->C05467->Choloyl-CoA->Taurocholate
494,3,C05450->C05467->Choloyl-CoA->Glycocholate
495,1,C05451->C05452
496,2,C05451->C05455->C17339
497,1,C05453->C17339
498,1,C05453->C05454
499,1,C05479->Progesterone
500,1,C05479->Pregnanolone
501,2,C05500->Cholesterol->Desmosterol
502,2,C05500->Cholesterol->Provitamin_D3
503,3,C05500->C05501->Pregnenolone->Progesterone
504,4,C05500->C05501->C05502->Cholesterol->Desmosterol
505,4,C05500->C05501->C05502->Cholesterol->Provitamin_D3
506,1,C05756->Malonyl-[acp]
507,4,C05756->C05757->C05758->Dodecanoyl-[acp]->Lauric_acid
508,1,C05759->Malonyl-[acp]
509,1,C05759->HMA
510,1,C05760->Tetradecanoyl-[acp]
511,1,C05760->HMA
512,1,C08830->Cycloartenol
513,2,C08830->Cycloeucalenol->Obtusifoliol
514,1,C20876->C20879
515,2,C20877->C20878->C20879
516,2,C20877->Malonyl-CoA->Malonyl-[acp]
517,1,Calcidiol->Calcitriol
518,1,Calcidiol->Secalciferol
519,1,Calcidiol->Calciol
520,1,Calcitetrol->Calcitriol
521,1,Cholate->Taurocholate
522,1,Cholate->Glycocholate
523,2,Cholate->Choloyl-CoA->Taurocholate
524,2,Cholate->Choloyl-CoA->Glycocholate
525,1,Cortisol->Cortodoxone
526,1,Cortisol->Cortisone
527,1,Decanoate->Decanoyl-[acp]
528,1,Diol->Pregnanolone
529,1,Myristic_acid->Tetradecanoyl-[acp]
530,2,1,4-beta-D-Xylan->D-Xylose->Xylitol
531,2,1,4-beta-D-Xylan->UDP-xylose->UDPglucuronate
532,1,10-Formyl-THF->THF
533,2,10-Formyl-THF->Formate->H+
534,2,10-Formyl-THF->C00445->THF
535,3,10-Formyl-THF->Formate->Oxalate->Oxalyl-CoA
536,3,10-Formyl-THF->C00445->Leucovorin->THF
537,3,10-Formyl-THF->C00445->C00664->THF
538,3,2,5-Dioxopentanoate->C00684->L-Arabinonate->L-Arabonolactone
539,3,2,5-Dioxopentanoate->C00679->Glucarate->Glucurone
540,2,2-Inosose->Bios_I->Inositol_4-phosphate
541,3,2-Inosose->Bios_I->Inositol_3-phosphate->Robison_ester
542,5,2-Inosose->C04287->C16737->DKH->DKHP->Glycerone_phosphate
543,4,2-Phosphoglycolate->Glycolate->Glyoxalate->Isocitrate->Oxalosuccinate
544,4,2-Phosphoglycolate->Glycolate->Glyoxalate->Isocitrate->cis-Aconitate
545,6,2-Phosphoglycolate->Glycolate->Glyoxalate->Malate->Pyruvate->Serine->Tryptophan
546,7,2-Phosphoglycolate->Glycolate->Glyoxalate->Malate->Oxaloacetate->Pyruvate->Serine->Tryptophan
547,8,2-Phosphoglycolate->Glycolate->Glyoxalate->Malate->Oxaloacetate->PEP->Pyruvate->Serine->Tryptophan
548,2,3-Dehydro-L-gulonate->Gulonate->L-Gulonolactone
549,1,3-Oxopropanoate->C06614
550,1,3-Oxopropanoate->Hydracrylic_acid
551,1,3-Oxopropanoate->beta-Alanine
552,2,3-Oxopropanoate->Aminoacrylate->C20249
553,2,3-Oxopropanoate->C06615->C16348
554,2,3-Oxopropanoate->Malonyl-CoA->Malonyl-[acp]
555,2,3-Oxopropanoate->DKHP->Glycerone_phosphate
556,3,4-Hydroxybutanoate->4-Hydroxybutyryl-CoA->Crotonyl-CoA->Glutaryl-CoA
557,1,ADP-glucose->Trehalose
558,3,ADP-glucose->Amylose->Starch->alpha-D-Glucose
559,3,ADP-glucose->Amylose->UDPglucose->UDPglucuronate
560,3,ADP-glucose->Cori_ester->Starch->alpha-D-Glucose
561,3,ADP-glucose->Cori_ester->UDPglucose->UDPglucuronate
562,3,ADP-glucose->C20237->Maltose->Trehalose
563,4,ADP-glucose->Amylose->C20237->Maltose->Trehalose
564,2,Acetate->Ethanal->Ethanol
565,4,Acetate->Ethanal->Phosphoethanolamine->S1P->Sphingoid
566,4,Acetate->Acetyl_phosphate->Pyruvate->Serine->Tryptophan
567,1,Acrylyl-CoA->Lactoyl-CoA
568,2,Acrylyl-CoA->C05668->Hydracrylic_acid
569,2,Acrylyl-CoA->Propionyl-CoA->Propionyl_phosphate
570,1,Ascorbate_radical->Vitamin_C
571,3,Butanoylphosphate->Butyryl-CoA->Crotonyl-CoA->Glutaryl-CoA
572,4,Butanoylphosphate->Butyrate->Butyryl-CoA->Crotonyl-CoA->Glutaryl-CoA
573,1,C00128->Neu5Ac
574,1,C00204->D-Mannonate
575,1,C00204->C04442
576,2,C00204->D-Altronate->D-Tagaturonate
577,3,C00204->D-Gluconate->Gluconolactone->beta-D-Glucose
578,4,C00204->D-Gluconate->Gluconolactone->Glucose->Trehalose
579,5,C00204->D-Gluconate->Gluconolactone->Glucose->Maltose->Trehalose
580,5,C00204->D-Glyceraldehyde->Glycerate->Hydroxypyruvate->Serine->Tryptophan
581,6,C00204->D-Gluconate->Gluconolactone->Glucose->Sucrose->UDPglucose->UDPglucuronate
582,1,C00275->Mannose
583,2,C00275->C00636->GDP-mannose
584,2,C00275->C05345->C06019
585,3,C00275->C05345->Levulose->Sorbitol
586,3,C00275->C05345->Levulose->alpha-D-Glucose
587,3,C00275->C05345->C05378->Glycerone_phosphate
588,5,C00275->C05345->Levulose->Sucrose->UDPglucose->UDPglucuronate
589,1,C00352->C06156
590,2,C00352->Chitosamine->D-Glucosaminide
591,2,C00352->C05345->C06019
592,3,C00352->C05345->Levulose->Sorbitol
593,3,C00352->C05345->Levulose->alpha-D-Glucose
594,3,C00352->C05345->C05378->Glycerone_phosphate
595,5,C00352->C05345->Levulose->Sucrose->UDPglucose->UDPglucuronate
596,1,C00357->MurNAc_6-phosphate
597,1,C00357->GlcNAc
598,2,C00357->C04501->C06156
599,1,C00446->alpha-D-Galactose
600,3,C00446->UDP-galactose->UDPglucose->UDPglucuronate
601,1,C00689->Trehalose
602,2,C00689->UDPglucose->UDPglucuronate
603,1,C01094->Glycerone_phosphate
604,2,C01094->Levulose->Sorbitol
605,2,C01094->Levulose->alpha-D-Glucose
606,4,C01094->Levulose->Sucrose->UDPglucose->UDPglucuronate
607,1,C01097->C03785
608,2,C01097->C06311->Dulcose
609,2,C01097->C01113->Lactose_6'-phosphate
610,1,C01115->Vitamin_C
611,1,C01115->L-Galactose
612,3,C01146->Hydroxypyruvate->Serine->Tryptophan
613,3,C01146->Glyoxalate->Isocitrate->Oxalosuccinate
614,3,C01146->Glyoxalate->Isocitrate->cis-Aconitate
615,4,C01146->Glycerate->Hydroxypyruvate->Serine->Tryptophan
616,5,C01146->Glyoxalate->Malate->Pyruvate->Serine->Tryptophan
617,6,C01146->Glyoxalate->Malate->Oxaloacetate->Pyruvate->Serine->Tryptophan
618,7,C01146->Glyoxalate->Malate->Oxaloacetate->PEP->Pyruvate->Serine->Tryptophan
619,1,C01216->C01286
620,1,C01216->D-Galactonate
621,3,C01216->Pyruvate->Serine->Tryptophan
622,1,C01220->Inositol_4-phosphate
623,1,C01220->Ins(1,4,5)P3
624,1,C01222->GDP-mannose
625,2,C01222->GDP-L-fucose->L-Fucose_1-phosphate
626,1,C01243->C04477
627,2,C01243->C01272->Ins(1,4,5)P3
628,3,C01243->C04063->Inositol_3-phosphate->Robison_ester
629,1,C01277->Phosphatidylinositol
630,1,C01277->C11554
631,2,C01277->C04637->Ins(1,4,5)P3
632,1,C01284->Phytate
633,1,C01284->C04477
634,1,C03289->Vitamin_C
635,1,C03289->L-Gulonolactone
636,1,C03618->Mesaconate
637,2,C03906->L-Arabinose->L-Ribulose
638,2,C03906->L-Arabinose->L-Lyxitol
639,3,C03906->UDP-L-arabinose->UDP-xylose->UDPglucuronate
640,1,C04549->Phosphatidylinositol
641,1,C04549->C11554
642,1,C05385->UDPglucuronate
643,3,C05385->Glucuronate->Gulonate->L-Gulonolactone
644,3,C05385->Glucuronate->Glucuronide->UDPglucuronate
645,1,C06400->Trehalose
646,3,C06400->Maltodextrin->Starch->alpha-D-Glucose
647,3,C06400->Maltodextrin->Maltose->Trehalose
648,1,C15926->L-Galactose
649,2,C15926->GDP-L-galactose->GDP-mannose
650,1,C16156->C16157
651,4,C16156->UDP-L-Ara4FN->UDP-L-Ara4N->UDP-L-Ara4O->UDPglucuronate
652,1,C20680->L-Glycerose
653,1,C20680->L-Galactonate
654,1,C21027->UDP-MurNAc
655,1,C21027->N-Acetylmuramate
656,3,CDP-glucose->Cori_ester->Starch->alpha-D-Glucose
657,3,CDP-glucose->Cori_ester->UDPglucose->UDPglucuronate
658,1,CDP-ribitol->Ribitol_5-phosphate
659,2,Cellobiose->Glucose->Trehalose
660,3,Cellobiose->Cellulose->UDPglucose->UDPglucuronate
661,3,Cellobiose->Glucose->Maltose->Trehalose
662,3,Cellobiose->Cori_ester->Starch->alpha-D-Glucose
663,3,Cellobiose->Cori_ester->UDPglucose->UDPglucuronate
664,4,Cellobiose->Cellodextrin->Cellulose->UDPglucose->UDPglucuronate
665,4,Cellobiose->Glucose->Sucrose->UDPglucose->UDPglucuronate
666,2,Chitin->Chitosan->D-Glucosaminide
667,2,Chitin->Chitobiose->GlcNAc
668,1,D-Fructuronate->D-Tagaturonate
669,1,D-Fructuronate->D-Mannonate
670,2,D-Fructuronate->Gulonate->L-Gulonolactone
671,3,D-Fructuronate->Glucuronate->Gulonate->L-Gulonolactone
672,3,D-Fructuronate->Glucuronate->Glucuronide->UDPglucuronate
673,1,D-Galacturonate->D-Tagaturonate
674,1,D-Galacturonate->L-Galactonate
675,2,D-Galacturonate->Pectate->Pectin
676,3,D-Galacturonate->Digalacturonate->Pectate->Pectin
677,2,D-Lyxitol->D-Lyxulose->Xylitol
678,2,D-Lyxitol->D-Ribulose->Ribitol
679,3,D-Lyxitol->D-Lyxulose->D-Xylose->Xylitol
680,2,D-Methylmalonyl-CoA->L-Methylmalonyl-CoA->Succinyl-CoA
681,2,D-Methylmalonyl-CoA->Propionyl-CoA->Propionyl_phosphate
682,1,Dehydroascorbate->Vitamin_C
683,1,Dextrin->alpha-D-Glucose
684,2,Dextrin->Starch->alpha-D-Glucose
685,1,Formyl-CoA->Oxalyl-CoA
686,3,L-Citramalyl-CoA->Pyruvate->Serine->Tryptophan
687,1,L-Fucose->L-Fucose_1-phosphate
688,1,L-Lactate->Lactoyl-CoA
689,3,L-Lactate->Pyruvate->Serine->Tryptophan
690,1,L-Lyxulose->Xylitol
691,1,Propionate->Propionyl_phosphate
692,2,Propionate->Propionyl-CoA->Propionyl_phosphate
693,2,Sucrose_6F-phosphate->UDPglucose->UDPglucuronate
694,1,UDPgalacturonate->UDPglucuronate
695,1,1,2-Diacylglycerol->Phosphatidate
696,1,1,2-Diacylglycerol->SQDG
697,1,1,2-Diacylglycerol->MGDG
698,1,1,2-Diacylglycerol->Triglyceride
699,1,1,2-Diacylglycerol->Glcbeta1->3acyl2Gro
700,3,1,2-Diacylglycerol->C06364->C06365->C20897
701,3,1,2-Diacylglycerol->Glyceride->Glycerin->L-Glycerose
702,3,1,2-Diacylglycerol->Glyceride->Lysophosphatidate->Phosphatidate
703,4,1,2-Diacylglycerol->Glyceride->Glycerin->Glycerone->Glycerone_phosphate
704,1,11,12,15-THETA->15H-11,12-EETA
705,5,11,12-DHET->11,12-EET->Arachidonate->PGG2->PGH2->TXA2
706,5,11,12-DHET->11,12-EET->Arachidonate->PGG2->PGH2->PGI2
707,3,11,14,15-THETA->11H-14,15-EETA->15(S)-HPETE->15H-11,12-EETA
708,6,11,14,15-THETA->11H-14,15-EETA->15(S)-HPETE->Arachidonate->PGG2->PGH2->TXA2
709,6,11,14,15-THETA->11H-14,15-EETA->15(S)-HPETE->Arachidonate->PGG2->PGH2->PGI2
710,1,12(13)-EpOME->Linoleate
711,4,12(R)-HPETE->Arachidonate->PGG2->PGH2->TXA2
712,4,12(R)-HPETE->Arachidonate->PGG2->PGH2->PGI2
713,4,12(S)-HPETE->Arachidonate->PGG2->PGH2->TXA2
714,4,12(S)-HPETE->Arachidonate->PGG2->PGH2->PGI2
715,2,12,13(S)-EOT->13-HPOT->Linolenate
716,3,12,13(S)-EOT->12-OPDA->OPC-8:0->OPC8-CoA
717,1,13(S)-HPODE->Linoleate
718,5,14,15-DHET->14,15-EET->Arachidonate->PGG2->PGH2->TXA2
719,5,14,15-DHET->14,15-EET->Arachidonate->PGG2->PGH2->PGI2
720,4,19(S)-HETE->Arachidonate->PGG2->PGH2->TXA2
721,4,19(S)-HETE->Arachidonate->PGG2->PGH2->PGI2
722,4,20-HETE->Arachidonate->PGG2->PGH2->TXA2
723,4,20-HETE->Arachidonate->PGG2->PGH2->PGI2
724,1,3-Dehydrosphinganine->Sphinganine
725,1,3-Dehydrosphinganine->Palmitoyl-CoA
726,1,3-Oxo-OPC4-CoA->C16339
727,1,3-Oxo-OPC8-CoA->OPC6-CoA
728,2,5(S)-HPETE->LTA4->LTB4
729,3,5(S)-HPETE->LTA4->LTC4->LTD4
730,4,5(S)-HPETE->Arachidonate->PGG2->PGH2->TXA2
731,4,5(S)-HPETE->Arachidonate->PGG2->PGH2->PGI2
732,5,5,6-DHET->5,6-EET->Arachidonate->PGG2->PGH2->TXA2
733,5,5,6-DHET->5,6-EET->Arachidonate->PGG2->PGH2->PGI2
734,4,8(S)-HPETE->Arachidonate->PGG2->PGH2->TXA2
735,4,8(S)-HPETE->Arachidonate->PGG2->PGH2->PGI2
736,5,8,9-DHET->8,9-EET->Arachidonate->PGG2->PGH2->TXA2
737,5,8,9-DHET->8,9-EET->Arachidonate->PGG2->PGH2->PGI2
738,1,9(10)-EpOME->Linoleate
739,2,Aminoethanol->Ethanal->Ethanol
740,3,Aminoethanol->Phosphoethanolamine->S1P->Sphingoid
741,4,Aminoethanol->Ethanal->Phosphoethanolamine->S1P->Sphingoid
742,2,C00093->Glycerin->L-Glycerose
743,2,C00093->Lysophosphatidate->Phosphatidate
744,3,C00093->Glycerin->Glycerone->Glycerone_phosphate
745,2,C01241->Cephalin->Phosphatidate
746,2,C01241->Cephalin->Phosphatidylserine
747,1,C03201->C05977
748,1,C03201->C04475
749,2,C03372->C03715->C03968
750,2,C03372->Lysophosphatidate->Phosphatidate
751,1,C03454->C04756
752,1,C03820->PAF
753,1,C03892->PtdGro
754,1,C04317->PAF
755,1,C04317->C05212
756,1,C04635->C04756
757,1,C06040->C06041
758,1,C16328->OPC8-CoA
759,1,C16332->OPC6-CoA
760,1,C16336->OPC4-CoA
761,2,CDP-ethanolamine->Cephalin->Phosphatidate
762,2,CDP-ethanolamine->Cephalin->Phosphatidylserine
763,3,CDP-ethanolamine->Phosphoethanolamine->S1P->Sphingoid
764,2,Ceramide_II->Phytosphingosine->Sphinganine
765,2,Ceramide_II->Dihydroceramide->Sphinganine
766,1,Citicoline->Phosphocholine
767,1,DGDG->MGDG
768,1,Gamolenic_acid->Linoleate
769,2,PGD2->PGH2->TXA2
770,2,PGD2->PGH2->PGI2
771,2,PGE2->PGH2->TXA2
772,2,PGE2->PGH2->PGI2
773,3,PGE2->PGF2a->PGH2->TXA2
774,3,PGE2->PGF2a->PGH2->PGI2
775,2,(R)-Lipoate->C16237->Lipoyl-AMP
776,4,(R)-Lipoate->C16237->Lipoyl-ACP->Octanoyl-[acp]->Octylic_acid
777,1,1-Methylnicotinamide->Vitamin_PP
778,1,1-Methylnicotinamide->C05842
779,1,1-Methylnicotinamide->C05843
780,1,2-Dehydropantoate->Pantoate
781,1,2-Polyprenylphenol->C05848
782,6,2-Polyprenylphenol->3-Polyprenylcatechol->C17552->C17560->C17561->C17562->Q
783,1,4-Hydroxybenzoate->C05848
784,1,4-Hydroxybenzoate->Protocatechuate
785,2,4-Hydroxybenzoate->C00633->p-Cresol
786,4,4-Hydroxybenzoate->Benzoate->C06321->Catechol->Salicylate
787,4,4-Hydroxybenzoate->Benzoate->C06321->Catechol->cis,cis-Muconate
788,5,4-Hydroxybenzoate->4-Hydroxybenzoyl-CoA->Benzoyl-CoA->Benzoylsuccinyl-CoA->C09819->E-Phenylitaconyl-CoA
789,5,4-Hydroxybenzoate->4-Hydroxybenzoyl-CoA->Benzoyl-CoA->C06322->C06749->C09821
790,5,4-Hydroxybenzoate->Benzoate->Benzoyl-CoA->Benzoylsuccinyl-CoA->C09819->E-Phenylitaconyl-CoA
791,5,4-Hydroxybenzoate->Benzoate->Benzoyl-CoA->C06322->C06749->C09821
792,2,4-Phosphoerythronate->C00279->Neuberg_ester
793,3,4-Phosphoerythronate->C06054->C06055->C07335
794,4,4-Phosphoerythronate->C00279->C00447->C05382->Ribose_5-phosphate
795,5,4-Phosphoerythronate->C00279->C00447->C05382->C07836->C11472
796,2,4-Pyridoxate->Pyridoxal->Pyridoxol
797,1,5-Aminolevulinate->Porphobilinogen
798,2,5-Aminolevulinate->C03741->L-Glutamyl-tRNA(Glu)
799,1,7,8-Dihydrobiopterin->Sepiapterin
800,1,7,8-Dihydrobiopterin->Tetrahydrobiopterin
801,1,ABEE->Dihydropteroate
802,1,AIR->C15667
803,2,AIR->C04640->N-Formyl-GAR
804,2,AIR->C04751->C15667
805,2,AIR->C04751->SAICAR
806,2,AIR->C04556->Toxopyrimidine
807,4,AIR->C04556->PLP->Pyridoxal->Pyridoxol
808,4,AIR->C04556->PLP->Pyridoxine_phosphate->Pyridoxol
809,4,AIR->C04556->C04752->TMP->cThz-P
810,5,AIR->C04556->C04752->TMP->TPP->Thiamin_triphosphate
811,2,Adenosylcobinamide->C06509->C06510
812,2,Adenosylcobinamide->Adenosylcobyric_acid->C06506
813,3,Adenosylcobinamide->Adenosylcobyric_acid->C06509->C06510
814,2,Aneurin->TPP->Thiamin_triphosphate
815,2,Aneurin->TMP->cThz-P
816,2,Aneurin->C04294->C04327
817,3,Aneurin->TMP->TPP->Thiamin_triphosphate
818,1,Aquacobalamin->Vitamin_B12r
819,2,Bilirubin->C05787->D-Urobilinogen
820,3,Bilirubin->Biliverdin->Haem->Protoporphyrin
821,3,Bilirubin->Biliverdin->Haem->Heme_O
822,2,Biocytin->L-Lysine->LysW-gamma-L-lysine
823,2,Biocytin->L-Lysine->Saccharopine
824,1,Biotin->Biotin_sulfoxide
825,1,Biotin->Dethiobiotin
826,2,Biotin->Biotinyl-5'-AMP->Holo-[carboxylase]
827,3,C00647->PLP->Pyridoxal->Pyridoxol
828,3,C00647->PLP->Pyridoxine_phosphate->Pyridoxol
829,3,C00647->PM->Pyridoxal->Pyridoxol
830,1,C01079->Protoporphyrin
831,2,C01079->C03263->Uroporphyrinogen_III
832,2,C01079->C03263->Coproporphyrin_III
833,1,C01185->Deamido-NAD
834,1,C01185->Quinolinate
835,2,C01185->Niacin->Vitamin_PP
836,3,C01185->C05841->Niacin->Vitamin_PP
837,2,C01268->C04454->C04732
838,2,C01268->C04454->C18910
839,1,C01300->C04807
840,1,C01300->Dihydroneopterin
841,1,C03114->FMNH2
842,2,C03114->C04778->alpha-Ribazole
843,1,C03150->Vitamin_PP
844,2,C03150->NMN->Vitamin_PP
845,2,C03492->Pantothenate->beta-Alanine
846,2,C03492->C04352->Phosphopantetheine
847,2,C03492->C18911->Pantoate
848,2,C03657->C15547->Succinylbenzoyl-CoA
849,2,C03657->C05818->Vitamin_K2
850,2,C03657->C13309->Vitamin_K1
851,1,C03684->C20264
852,1,C03684->Tetrahydrobiopterin
853,2,C03684->C04244->Tetrahydrobiopterin
854,2,C03684->C21640->Tetrahydrobiopterin
855,1,C04332->Vitamin_B2
856,1,C04332->C15556
857,2,C04536->Mg-protoporphyrin_IX->Protoporphyrin
858,2,C05922->C05923->C06148
859,2,C05922->GTP->dGTP
860,3,C05922->GTP->RNA->UTP
861,2,C06503->C06504->Cobyrinate
862,2,C06503->Hydrogenobyrinate->Precorrin_8
863,3,C06503->C06504->C06505->C06506
864,2,C11638->Pyridoxine_phosphate->Pyridoxol
865,1,C11831->Protochlorophyllide
866,1,C15522->Tetrahydrobiopterin
867,2,C15522->Dihydrobiopterin->Tetrahydrobiopterin
868,1,C15810->C15813
869,1,C15812->[Enzyme]-cysteine
870,3,C15812->C15814->C20246->cThz-P
871,1,C15882->Phytyl_diphosphate
872,1,C15882->delta-Tocopherol
873,2,C15882->C15883->gamma-Tocopherol
874,1,C15996->C16675
875,1,C15996->C20248
876,2,C16236->Octanoyl-[acp]->Octylic_acid
877,2,C16236->C16237->Lipoyl-AMP
878,4,C16236->C16237->Lipoyl-ACP->Octanoyl-[acp]->Octylic_acid
879,1,C16519->Isochorismate
880,3,C16519->SHCHC->Succinylbenzoate->Succinylbenzoyl-CoA
881,1,C16540->Chlorophyllide_b
882,2,C16540->Chlorophyllide->Protochlorophyllide
883,1,C16677->Tretin_M
884,1,C17554->C17559
885,2,C18151->Chlorophyll_b->Chlorophyllide_b
886,3,C18151->Chlorophyll_a->Chlorophyllide->Protochlorophyllide
887,1,C19673->Malonyl-[acp]
888,7,C19673->C20372->C20373->C20374->C20375->C20376->C20377->C20378
889,1,C19846->C20378
890,1,C19846->Pimelyl-[acp]
891,1,C19848->Molybdenum_cofactor
892,2,C19848->H2Dtpp-mP->cPMP
893,1,C19871->Molybdenum_cofactor
894,1,C20267->Toxopyrimidine
895,1,C20267->FAMP
896,3,C20566->C20567->GTP->dGTP
897,4,C20566->C20567->GTP->RNA->UTP
898,1,C21310->cPMP
899,2,C21310->GTP->dGTP
900,3,C21310->GTP->RNA->UTP
901,1,Calomide->alpha-Ribazole
902,1,Calomide->Cbl
903,1,Cobalt-factor_II->Sirohydrochlorin
904,7,Cobalt-factor_II->Cobalt-factor_III->Cobalt-precorrin_4->Cobalt-precorrin_5A->Cobalt-precorrin_5B->Cobalt-precorrin_6->Cobalt-precorrin_6B->Cobalt-precorrin_7
905,1,Cobalt-precorrin-8->Cobyrinate
906,1,Cobalt-precorrin-8->Cobalt-precorrin_7
907,6,Cobalt-precorrin_3->Cobalt-precorrin_4->Cobalt-precorrin_5A->Cobalt-precorrin_5B->Cobalt-precorrin_6->Cobalt-precorrin_6B->Cobalt-precorrin_7
908,1,Coproheme_III->Coproporphyrin_III
909,2,Coproheme_III->Haem->Protoporphyrin
910,2,Coproheme_III->Haem->Heme_O
911,1,Coproporphyrinogen_I->Uroporphyrinogen_I
912,1,DAPA->Dethiobiotin
913,2,DAPA->KAPA->Pimeloyl-CoA
914,2,DAPA->KAPA->Pimelyl-[acp]
915,1,DPN->Vitamin_PP
916,1,DPN->TPN
917,1,DPN->Deamido-NAD
918,2,DPN->NMN->Vitamin_PP
919,1,Dihydrofolate->THF
920,1,Dihydrofolate->Dihydropteroate
921,2,Dihydrofolate->Folate->THF
922,1,FAD->FADH2
923,2,FAD->FMN->Vitamin_B2
924,2,FAD->FMN->FMNH2
925,1,Heme_A->Heme_O
926,1,Hydroxymethylbilane->Uroporphyrinogen_III
927,1,Hydroxymethylbilane->Porphobilinogen
928,1,Iminosuccinate->Quinolinate
929,1,Pimelate->Pimeloyl-CoA
930,1,Precorrin_2->Uroporphyrinogen_III
931,1,Precorrin_2->Sirohydrochlorin
932,7,Precorrin_2->Precorrin_3A->Precorrin_3B->Precorrin_4->Precorrin_5->Precorrin_6A->Precorrin_6B->Precorrin_8
933,1,Reduced_riboflavin->Vitamin_B2
934,1,Retinal->Tretin_M
935,1,Retinal->Retinol
936,2,Retinal->beta-Carotene->gamma-Carotene
937,1,Siroheme->Sirohydrochlorin
938,1,Vitamin_E->gamma-Tocopherol
939,1,beta-Tocopherol->delta-Tocopherol
940,2,3-Phosphonopyruvate->C03167->Ciliatine
941,3,3-Phosphonopyruvate->C03167->Ethanal->Ethanol
942,4,3-Phosphonopyruvate->PEP->Pyruvate->Serine->Tryptophan
943,5,3-Phosphonopyruvate->C03167->Ethanal->Phosphoethanolamine->S1P->Sphingoid
944,1,Anserine->beta-Alanine
945,1,C00669->GSH
946,1,C01110->D-Ornithine
947,1,C03170->Trypanothione
948,1,C03740->Pidolic_acid
949,1,C03740->GSH
950,1,C05674->C06459
951,1,C05674->C05676
952,2,C05675->CMPciliatine->Ciliatine
953,1,C05730->GSH
954,1,C05730->Trypanothione
955,1,Carnosine->beta-Alanine
956,1,Cys-Gly->GSH
957,1,Cysteamine->Hypotaurine
958,1,D-Ala->D-Ala-D-Ala
959,3,D-Ala->Pyruvate->Serine->Tryptophan
960,4,D-Ala->L-Alanine->Pyruvate->Serine->Tryptophan
961,1,D-Glutamate->D-Glutamine
962,3,Isethionate->Sulfoacetaldehyde->Taurine->Taurocholate
963,1,L-3-Cyanoalanine->L-Asparagine
964,2,L-Cysteate->Taurine->Taurocholate
965,2,L-Selenocysteine->Selenide->Selenophosphate
966,2,(-)-Comphene->Geranyl_diphosphate->d-Limonene
967,2,(-)-Limonene->Geranyl_diphosphate->d-Limonene
968,2,(-)-alpha-Pinene->Geranyl_diphosphate->d-Limonene
969,2,(L)-alpha-Terpineol->Geranyl_diphosphate->d-Limonene
970,1,2-Oxospirilloxanthin->Rhodoviolascin
971,1,2-Oxospirilloxanthin->C15885
972,1,3,4-Dehydrolycopene->Torulene
973,2,3,4-Dehydrolycopene->Lycopene->Rhodopin
974,2,3,4-Dehydrolycopene->Lycopene->gamma-Carotene
975,3,3,4-Dehydrolycopene->Lycopene->delta-Carotene->epsilon-Carotene
976,1,3,4-Dehydrorhodopin->Rhodopin
977,2,3,4-Dehydrorhodopin->Anhydrorhodovibrin->Rhodovibrin
978,1,3-Dehydroteasterone->Teasterone
979,1,3-Dehydroteasterone->Typhasterol
980,2,6-Deoxocastasterone->6-Deoxotyphasterol->C15800
981,3,6-Deoxocastasterone->C15803->Castasterone->Typhasterol
982,1,6-Deoxocathasterone->Campestanol
983,2,6-Deoxocathasterone->6-Deoxoteasterone->C15800
984,2,6-Oxocampestanol->Cathasterone->Teasterone
985,3,8-Hydroxygeraniol->Geraniol->Geranyl_diphosphate->d-Limonene
986,1,9'-cis-Neoxanthin->Xanthoxin
987,2,9'-cis-Neoxanthin->9-cis-Violaxanthin->Xanthoxin
988,1,ABA->C15970
989,2,ABA->Abscisic_aldehyde->Xanthoxin
990,1,Abietadiene->Copalyl_diphosphate
991,1,Abietal->Abietol
992,1,Antheraxanthin->Zeaxanthin
993,1,Antheraxanthin->Violaxanthin
994,2,Baccatin_III->C11700->C11899
995,2,Brassinolide->Castasterone->Typhasterol
996,1,C00129->C11811
997,1,C00129->C01143
998,2,C00129->DMAPP->Isopentenyl-ATP
999,2,C00129->Geranyl_diphosphate->d-Limonene
1000,1,C01107->Mevalonic_acid
1001,1,C01107->C01143
1002,2,C03190->Geranyl_diphosphate->d-Limonene
1003,1,C03428->Supraene
1004,2,C04432->DMAPP->Isopentenyl-ATP
1005,1,C05414->Phytoene
1006,4,C05414->C05430->C05431->Chloroxanthin->Methoxyneurosporene
1007,4,C05414->C05430->C05431->Lycopene->Rhodopin
1008,4,C05414->C05430->C05431->Lycopene->gamma-Carotene
1009,5,C05414->C05430->C05431->Lycopene->delta-Carotene->epsilon-Carotene
1010,6,C05414->C05430->C05431->Chloroxanthin->Demethylspheroidene->Spheroidene->Spheroidenone
1011,1,C11434->C11437
1012,4,C11434->C11435->C11436->C11453->C11811
1013,1,C11895->Taxa-4,11-diene
1014,1,C11895->C11897
1015,1,C15786->Campest-4-en-3-one
1016,1,C15857->C19759
1017,3,C15857->C19764->C19765->Phytoene
1018,1,C15858->C19759
1019,2,C15858->Lycopene->Rhodopin
1020,2,C15858->Lycopene->gamma-Carotene
1021,3,C15858->Lycopene->delta-Carotene->epsilon-Carotene
1022,1,C15879->Rhodovibrin
1023,1,C15879->Rhodoviolascin
1024,1,C15886->Rhodopin
1025,2,C15886->C15887->C15888
1026,1,C16428->Isopentenyl-ATP
1027,1,C19892->Neurosporaxanthin
1028,1,C19892->Torulene
1029,2,Gibberellin_A12->Kaurenic_acid->ent-Kaurene
1030,2,Hydroxyspheroidene->Spheroidene->Spheroidenone
1031,2,Hydroxyspheroidene->Hydroxyspheroidenone->Spheroidenone
1032,1,Loganin->Secologanin
1033,4,Lutein->Zeinoxanthin->alpha-Carotene->delta-Carotene->epsilon-Carotene
1034,1,Neoxanthin->Violaxanthin
1035,1,(5R)-Dihydrothymine->Thymine
1036,1,(5R)-Dihydrothymine->C21029
1037,1,(S)-Allantoin->C12248
1038,2,(S)-Allantoin->Allantoate->Urea
1039,1,3-Ureidopropanoate->beta-Alanine
1040,3,3-Ureidopropanoate->Hydrouracil->Uracil->Uridine
1041,1,5-Hydroxyisourate->C12248
1042,3,5-Hydroxyisourate->Urate->Xanthine->Xanthosine
1043,2,ADP->dADP->dATP
1044,2,ADP->dADP->dAMP
1045,2,ADP->ATP->dATP
1046,3,ADP->ATP->RNA->UTP
1047,1,AICAR->SAICAR
1048,4,AICAR->FAICAR->IMP->XMP->Xanthosine
1049,5,AICAR->FAICAR->IMP->Purine-6-ol->Xanthine->Xanthosine
1050,5,AICAR->FAICAR->IMP->XMP->Xanthine->Xanthosine
1051,6,AICAR->FAICAR->IMP->Inosine->Purine-6-ol->Xanthine->Xanthosine
1052,5,C00438->L-Dihydroorotate->Orotate->Orotidylic_acid->UMP->UTP
1053,5,C00438->L-Dihydroorotate->Orotate->Orotidylic_acid->UMP->Uridine
1054,6,C00438->L-Dihydroorotate->Orotate->Orotidylic_acid->UMP->Uracil->Uridine
1055,1,C01205->C21029
1056,2,C03090->PRPP->Ribose_5-phosphate
1057,2,C03090->PRPP->Phosphoribosyl-ATP
1058,2,C03090->GAR->N-Formyl-GAR
1059,1,C20231->C20249
1060,2,C20231->Uracil->Uridine
1061,2,CDP->CTP->UTP
1062,3,CDP->dCDP->dCTP->dUTP
1063,3,CDP->CMP->Cytidine->Uridine
1064,3,CDP->CTP->RNA->UTP
1065,3,CDP->CTP->dCTP->dUTP
1066,4,CDP->dCDP->dCMP->dCTP->dUTP
1067,4,CDP->dCDP->dCMP->dUMP->dUTP
1068,5,CDP->CMP->Cytidine->Cytosine->Uracil->Uridine
1069,1,DNA->dGTP
1070,1,DNA->dATP
1071,2,DNA->dCTP->dUTP
1072,5,DNA->TTP->dTDP->dTMP->dUMP->dUTP
1073,1,Deoxyguanosine->dGMP
1074,2,Deoxyguanosine->Guanine->Guanosine
1075,3,Deoxyguanosine->Guanine->Xanthine->Xanthosine
1076,2,GDP->dGDP->dGTP
1077,2,GDP->dGDP->dGMP
1078,2,GDP->GTP->dGTP
1079,2,GDP->GMP->Guanosine
1080,3,GDP->GTP->RNA->UTP
1081,3,GDP->GMP->XMP->Xanthosine
1082,3,GDP->GMP->Guanine->Guanosine
1083,4,GDP->GMP->XMP->Xanthine->Xanthosine
1084,4,GDP->GMP->Guanine->Xanthine->Xanthosine
1085,1,Thymidine->Thymine
1086,3,Thymidine->dTMP->dUMP->dUTP
1087,1,dUDP->dUTP
1088,2,dUDP->dUMP->dUTP
1089,2,2-Hydroxyethyl-ThPP->Ethanal->Ethanol
1090,4,2-Hydroxyethyl-ThPP->Ethanal->Phosphoethanolamine->S1P->Sphingoid
1091,1,C00668->alpha-D-Glucose
1092,2,C00668->C01172->C01236
1093,2,C00668->C05345->C06019
1094,3,C00668->C01172->C05345->C06019
1095,3,C00668->C05345->Levulose->Sorbitol
1096,3,C00668->C05345->Levulose->alpha-D-Glucose
1097,3,C00668->C05345->C05378->Glycerone_phosphate
1098,3,C00668->Cori_ester->Starch->alpha-D-Glucose
1099,3,C00668->Cori_ester->UDPglucose->UDPglucuronate
1100,4,C00668->C01172->C05345->Levulose->Sorbitol
1101,4,C00668->C01172->C05345->Levulose->alpha-D-Glucose
1102,4,C00668->C01172->C05345->C05378->Glycerone_phosphate
1103,5,C00668->C05345->Levulose->Sucrose->UDPglucose->UDPglucuronate
1104,6,C00668->C01172->C05345->Levulose->Sucrose->UDPglucose->UDPglucuronate
1105,1,(+)-Muconolactone->cis,cis-Muconate
1106,1,(+)-Muconolactone->C03586
1107,1,(S)-1-Phenylethanol->Ethylenzene
1108,1,(S)-Styrene_oxide->alpha-Tolualdehyde
1109,1,(S)-Styrene_oxide->Styrene
1110,1,1,2-Anthracenediol->C16203
1111,1,1,2-Ethanediol->Ethylene_oxide
1112,1,1,2-Naphthalenediol->C06204
1113,2,1,2-Naphthalenediol->C04314->Naphthalene
1114,2,1,2-Naphthalenediol->C03203->C11427
1115,2,2,4,5-T->C07101->C21104
1116,2,2-Chloroethanal->2-Chloroethanol->Dutch_liquid
1117,5,2-Chloroethanal->Chloroacetic_acid->Glycolate->Glyoxalate->Isocitrate->Oxalosuccinate
1118,5,2-Chloroethanal->Chloroacetic_acid->Glycolate->Glyoxalate->Isocitrate->cis-Aconitate
1119,7,2-Chloroethanal->Chloroacetic_acid->Glycolate->Glyoxalate->Malate->Pyruvate->Serine->Tryptophan
1120,8,2-Chloroethanal->Chloroacetic_acid->Glycolate->Glyoxalate->Malate->Oxaloacetate->Pyruvate->Serine->Tryptophan
1121,9,2-Chloroethanal->Chloroacetic_acid->Glycolate->Glyoxalate->Malate->Oxaloacetate->PEP->Pyruvate->Serine->Tryptophan
1122,1,2-Fluorobenzoate->C16482
1123,2,2-Hydroxymuconate->C00682->Oxopent-4-enoate
1124,2,2-Hydroxymuconate->4-Oxalocrotonate->Oxopent-4-enoate
1125,3,2-Hydroxymuconate->C00682->Catechol->Salicylate
1126,3,2-Hydroxymuconate->C00682->Catechol->cis,cis-Muconate
1127,1,3,6-Dichlorocatechol->C07095
1128,2,3,6-Dichlorocatechol->C07093->p-Dichlorobenzene
1129,2,3-Ethylcatechol->C07123->Oxopent-4-enoate
1130,1,3-Fluorobenzoate->C16479
1131,1,3-Hydroxypimelyl-CoA->C09821
1132,1,3-Methylcatechol->o-Cresol
1133,2,3-Methylcatechol->C06210->Oxopent-4-enoate
1134,2,3-Methylcatechol->C06731->o-Toluate
1135,2,3-Methylcatechol->C06720->m-Toluic_Acid
1136,1,3-Oxoadipate->Maleylacetate
1137,1,3-Oxoadipate->C03586
1138,2,3-Oxoadipate->3-Oxoadipyl-CoA->C14145
1139,1,3-Phenylcatechol->C06589
1140,2,3-Phenylcatechol->C01273->Oxopent-4-enoate
1141,2,3-Vinylcatechol->C07087->Oxopent-4-enoate
1142,1,4-Chlorocatechol->p-Chlorophenol
1143,1,4-Chlorocatechol->C07089
1144,1,4-Fluorobenzoate->C16480
1145,1,4-Fluorocatechol->C16480
1146,1,4-Fluorocatechol->C16479
1147,3,4-Fluorocatechol->C16474->C16476->Maleylacetate
1148,1,4-Methylcatechol->Tosylate
1149,2,4-Methylcatechol->C06760->C11354
1150,3,4-Methylcatechol->C06729->Toluate->p-Tolualdehyde
1151,4,4-Methylcatechol->C06760->C07478->C07479->C11354
1152,1,4-Tolylcarbinol->p-Tolualdehyde
1153,1,4-Tolylcarbinol->p-Xylene
1154,4,6-Oxohexanoate->Adipate->Adipyl-CoA->C14144->C14145
1155,1,9-Fluorenol->Fluorene
1156,4,9-Fluorenone->C16262->C16263->C16264->Phthalate
1157,1,Anthracene->C16203
1158,2,Atrazine->Hydroxyatrazine->N-Isopropylammelide
1159,2,Benzylsuccinate->Benzylsuccinyl-CoA->E-Phenylitaconyl-CoA
1160,2,Benzylsuccinate->Toluol->p-Cresol
1161,2,Benzylsuccinate->Toluol->o-Cresol
1162,1,Biphenyl->C06589
1163,1,C01163->Protocatechuate
1164,2,C01163->C01278->C03586
1165,1,C03164->C11425
1166,2,C03164->C04468->Phenanthrene
1167,1,C03233->Protocatechuate
1168,2,C03233->C04783->Phthalate
1169,1,C03434->C07099
1170,2,C03434->Chloranil->PCP
1171,1,C03569->Dibenzofuran
1172,2,C03569->C07731->Oxopent-4-enoate
1173,1,C03589->Oxopent-4-enoate
1174,3,C03589->Pyruvate->Serine->Tryptophan
1175,2,C03676->Hydroxyquinol->Maleylacetate
1176,2,C04706->C06329->Maleylacetate
1177,3,C04706->C06329->C07097->C07099
1178,1,C04729->C07095
1179,1,C04793->Secophenol
1180,3,C04793->DSHA->HIP->HIP-CoA
1181,1,C06203->C06204
1182,2,C06203->Salicylaldehyde->Salicylate
1183,1,C06318->Terephthalate
1184,1,C06318->Protocatechuate
1185,2,C06599->C06600->C21105
1186,3,C06609->C06611->C06613->C06614
1187,2,C06610->C06612->C16348
1188,1,C06727->Ethylenzene
1189,1,C06762->C11354
1190,3,C06762->Propanal->Propionyl-CoA->Propionyl_phosphate
1191,1,C06791->TCE
1192,1,C06792->TCE
1193,1,C07213->o-Xylene
1194,2,C07213->o-Tolualdehyde->o-Toluate
1195,1,C07216->m-Xylene
1196,2,C07216->m-Tolualdehyde->m-Toluic_Acid
1197,1,C07733->Dibenzo-p-dioxin
1198,3,C07733->C07734->Catechol->Salicylate
1199,3,C07733->C07734->Catechol->cis,cis-Muconate
1200,1,C08061->Carbazole
1201,2,C08061->C08062->Oxopent-4-enoate
1202,1,C10700->C13636
1203,1,C11426->C11427
1204,2,C12831->C12832->Trichlorobenzene_A
1205,4,C12831->C12833->C12834->C12835->C12836
1206,1,C14909->C20144
1207,1,PCE->TCE
